Num_0dim,Max_0dim,Max_0dim_Minus_Second,Mean_0dim,betti_curve_0,persistence_entropy_0,Num_1dim,Max_1dim,Max_1dim_Minus_Second,Mean_1dim,betti_curve_1,persistence_entropy_1
2,0.7571473717689514,0.7467900700867176,0.04129972549853846,20,2.5751427121289048,0,0.0,0.0,0.0,1,-0.0
1,0.42496129870414734,0.0,0.03176309440836862,1,-0.0,0,0.0,0.0,0.0,1,-0.0
2,0.5253056287765503,0.5180752924643457,0.038738403155002744,20,2.3397969708572957,0,0.0,0.0,0.0,1,-0.0
1,0.1471620798110962,0.0,0.02386052464134991,1,-0.0,0,0.0,0.0,0.0,1,-0.0
1,0.3437913954257965,0.0,0.02447757473251281,1,-0.0,0,0.0,0.0,0.0,1,-0.0
1,0.37360963225364685,0.0,0.038612577970013565,1,-0.0,0,0.0,0.0,0.0,1,-0.0
1,0.33656030893325806,0.0,0.027751475859146852,1,-0.0,0,0.0,0.0,0.0,1,-0.0
2,0.6422575116157532,0.6314024524763227,0.0722590430568044,13,2.031047980097846,0,0.0,0.0,0.0,1,-0.0
2,0.5072154998779297,0.5044267033226788,0.02857232914539054,24,2.723057050871073,0,0.0,0.0,0.0,1,-0.0
2,0.6390587091445923,0.6319058961234987,0.032559383873982974,24,2.786343451394417,0,0.0,0.0,0.0,1,-0.0
2,0.5666581988334656,0.5606893361546099,0.04269169717805371,21,2.6749305053140935,0,0.0,0.0,0.0,1,-0.0
1,0.4035221040248871,0.0,0.03470471091780134,1,-0.0,0,0.0,0.0,0.0,1,-0.0
1,0.2734343707561493,0.0,0.03790641177500434,1,-0.0,0,0.0,0.0,0.0,1,-0.0
3,0.7273133993148804,0.7252975488081574,0.031511150437706546,28,1.9907793993110885,0,0.0,0.0,0.0,1,-0.0
2,0.6065167784690857,0.6044434120412916,0.03363767170436789,23,2.2125765950534912,0,0.0,0.0,0.0,1,-0.0
3,0.702911913394928,0.696120597422123,0.049705515214655965,18,1.9251471397694508,0,0.0,0.0,0.0,1,-0.0
3,0.638007402420044,0.635939187835902,0.03441146465567207,28,2.7438951403317566,0,0.0,0.0,0.0,1,-0.0
3,0.7561934590339661,0.7561934484972541,0.03339918014988766,29,1.9456817404493734,0,0.0,0.0,0.0,1,-0.0
2,0.5102666020393372,0.5061867590993643,0.022311646183620075,28,2.4394444995945332,0,0.0,0.0,0.0,1,-0.0
2,0.7507622241973877,0.7474348749965429,0.02796846497545226,27,2.51816600289094,0,0.0,0.0,0.0,1,-0.0
1,0.2560621500015259,0.0,0.030840596302788563,1,-0.0,0,0.0,0.0,0.0,1,-0.0
3,0.7604061365127563,0.750723103992641,0.0667224726997889,13,1.4727319237739234,0,0.0,0.0,0.0,1,-0.0
2,0.5130531191825867,0.5130531185240421,0.04413919525862545,17,2.1304873422455066,0,0.0,0.0,0.0,1,-0.0
2,0.5471310615539551,0.5435834059026092,0.0312809417564181,29,3.4345600075925473,0,0.0,0.0,0.0,1,-0.0
2,0.7062256932258606,0.7010088376700878,0.04058979020365292,21,2.3053409044510405,0,0.0,0.0,0.0,1,-0.0
2,0.5946235060691833,0.5872973743826151,0.036432569103670265,21,2.19804222425513,0,0.0,0.0,0.0,1,-0.0
1,0.22959120571613312,0.0,0.02303832913482604,1,-0.0,0,0.0,0.0,0.0,1,-0.0
2,0.574028491973877,0.5701843360438943,0.025958063184017582,35,3.3253047283215946,0,0.0,0.0,0.0,1,-0.0
2,0.643877387046814,0.6404812424443662,0.03594107155311996,26,3.0068797744041706,0,0.0,0.0,0.0,1,-0.0
2,0.6984595060348511,0.6871379017829895,0.04533635263214819,16,2.2805937361540782,0,0.0,0.0,0.0,1,-0.0
2,0.6297873854637146,0.6282385188387707,0.03515855595192295,21,2.007806671535526,0,0.0,0.0,0.0,1,-0.0
3,0.6886054873466492,0.685229720082134,0.05145416551386006,16,1.5753956445218962,0,0.0,0.0,0.0,1,-0.0
2,0.7867171764373779,0.7818035017699003,0.036291086400689725,22,2.17698657564642,0,0.0,0.0,0.0,1,-0.0
1,0.36435288190841675,0.0,0.02736517643555999,1,-0.0,0,0.0,0.0,0.0,1,-0.0
1,0.44116494059562683,0.0,0.0646031555661466,1,-0.0,0,0.0,0.0,0.0,1,-0.0
2,0.6162706017494202,0.6142773129977286,0.020341785504783997,34,2.7595457381359267,0,0.0,0.0,0.0,1,-0.0
3,0.6303250789642334,0.6215165443718433,0.0542124105617404,15,1.8959092849491501,0,0.0,0.0,0.0,1,-0.0
2,0.6668254733085632,0.658697135746479,0.03655930672539398,24,2.6595567529725317,0,0.0,0.0,0.0,1,-0.0
2,0.5146966576576233,0.5074661173857749,0.05445471659509672,18,2.6608735356290167,0,0.0,0.0,0.0,1,-0.0
2,0.5715858340263367,0.5692049723584205,0.02467216905922844,26,2.3883801196248395,0,0.0,0.0,0.0,1,-0.0
1,0.2236020416021347,0.0,0.025870115272342585,1,-0.0,0,0.0,0.0,0.0,1,-0.0
2,0.5375009775161743,0.5283766156062484,0.028548407931036007,30,3.2323641421328126,0,0.0,0.0,0.0,1,-0.0
2,0.6308740377426147,0.6244681398384273,0.03794740236021186,19,1.9613627715298414,0,0.0,0.0,0.0,1,-0.0
3,0.7328478693962097,0.7316574848955497,0.0313490437606729,27,1.8778391387003137,0,0.0,0.0,0.0,1,-0.0
1,0.4863545894622803,0.0,0.030574349080173608,1,-0.0,0,0.0,0.0,0.0,1,-0.0
2,0.6484776139259338,0.6448975510429591,0.039942964623486135,19,1.8839635832210906,0,0.0,0.0,0.0,1,-0.0
1,0.33271947503089905,0.0,0.031735403563699596,1,-0.0,0,0.0,0.0,0.0,1,-0.0
2,0.5049306750297546,0.5012267346028239,0.03234142195343828,26,2.842758836280697,0,0.0,0.0,0.0,1,-0.0
2,0.5811024904251099,0.5749701638706028,0.029119365874470934,27,2.5318804139222184,0,0.0,0.0,0.0,1,-0.0
3,0.7106642127037048,0.7065315018408,0.05322335990786087,16,1.5115881846018615,0,0.0,0.0,0.0,1,-0.0
2,0.7173062562942505,0.7060742657631636,0.03918466706656747,18,2.118080136692416,0,0.0,0.0,0.0,1,-0.0
1,0.41956284642219543,0.0,0.025292311585872085,1,-0.0,0,0.0,0.0,0.0,1,-0.0
3,0.7431789040565491,0.7406452386640012,0.04157075477743764,23,2.1172675811287145,0,0.0,0.0,0.0,1,-0.0
2,0.6550794839859009,0.6392905656248331,0.04095505328629823,17,2.4015338745201547,0,0.0,0.0,0.0,1,-0.0
3,0.6811723113059998,0.6774271856993437,0.04997078306726454,17,1.5935371788037038,0,0.0,0.0,0.0,1,-0.0
2,0.5728306770324707,0.5686884513124824,0.030464992634593867,26,2.7843972811061564,0,0.0,0.0,0.0,1,-0.0
3,0.7204887866973877,0.7173507853876799,0.03304107980026553,24,1.8804256470142895,0,0.0,0.0,0.0,1,-0.0
2,0.5396931767463684,0.532190116122365,0.03757154526333805,22,2.7309900017820468,0,0.0,0.0,0.0,1,-0.0
2,0.758483350276947,0.7515368568710983,0.034480859080086586,23,1.9273418212574822,0,0.0,0.0,0.0,1,-0.0
3,0.5098689794540405,0.5037765237502754,0.047825152642973184,18,2.3148261371908796,0,0.0,0.0,0.0,1,-0.0
3,0.7657077312469482,0.7618464634288102,0.033197190599619515,27,2.0312839496222383,0,0.0,0.0,0.0,1,-0.0
3,0.635920524597168,0.6233933661133051,0.059140593894491236,14,1.8161746623378408,0,0.0,0.0,0.0,1,-0.0
1,0.4243909418582916,0.0,0.02125076723718343,1,-0.0,0,0.0,0.0,0.0,1,-0.0
2,0.7016083598136902,0.6949677164666355,0.026161722394548278,29,2.8669363457596186,0,0.0,0.0,0.0,1,-0.0
1,0.39856699109077454,0.0,0.0276714486462879,1,-0.0,0,0.0,0.0,0.0,1,-0.0
3,0.6391030550003052,0.6332899192348123,0.06969110642631467,13,1.9499089659610092,0,0.0,0.0,0.0,1,-0.0
2,0.7240906357765198,0.7210526273120195,0.03347703079998891,25,2.223066285555189,0,0.0,0.0,0.0,1,-0.0
2,0.6812310814857483,0.6764157223515213,0.036192791109594204,21,2.324320037263227,0,0.0,0.0,0.0,1,-0.0
2,0.7067686915397644,0.6996451388113201,0.026970425675002237,30,3.001671438985207,0,0.0,0.0,0.0,1,-0.0
2,0.5659376978874207,0.5604215683415532,0.024381222645067337,34,3.497256688425453,0,0.0,0.0,0.0,1,-0.0
1,0.2851492166519165,0.0,0.041789020667783915,1,-0.0,0,0.0,0.0,0.0,1,-0.0
2,0.5771588683128357,0.5723070506937802,0.0257273708224862,28,2.142561191401048,0,0.0,0.0,0.0,1,-0.0
1,0.2149474173784256,0.0,0.021943072919853993,1,-0.0,0,0.0,0.0,0.0,1,-0.0
3,0.700693666934967,0.6958769508637488,0.04437378964288846,19,1.5889925268373333,0,0.0,0.0,0.0,1,-0.0
2,0.6767356395721436,0.6684821229428053,0.031542165093123915,25,2.947315594480326,0,0.0,0.0,0.0,1,-0.0
2,0.6507375836372375,0.6449710875749588,0.03425584783227267,22,2.5355298451665114,0,0.0,0.0,0.0,1,-0.0
2,0.6679573059082031,0.6619235654361546,0.030800072049411636,24,2.375684152191524,0,0.0,0.0,0.0,1,-0.0
3,0.6970908641815186,0.6900330735370517,0.06722010927721082,12,1.3874672628714761,0,0.0,0.0,0.0,1,-0.0
1,0.3525945842266083,0.0,0.028086424371677226,1,-0.0,0,0.0,0.0,0.0,1,-0.0
1,0.3415459394454956,0.0,0.03931938115565572,1,-0.0,0,0.0,0.0,0.0,1,-0.0
2,0.5810957551002502,0.5714743491262197,0.03448048930753161,27,3.2812163883631085,0,0.0,0.0,0.0,1,-0.0
2,0.6320920586585999,0.6213552746921778,0.024602620300419372,29,2.922072688123341,0,0.0,0.0,0.0,1,-0.0
2,0.7244186997413635,0.7143700392916799,0.04252859776055342,19,2.2571070549155463,0,0.0,0.0,0.0,1,-0.0
2,0.7117087244987488,0.7072838339954615,0.038807994589002415,22,2.6255441304196774,0,0.0,0.0,0.0,1,-0.0
2,0.5592597126960754,0.5519472965970635,0.02865771767259999,22,2.467735435313837,0,0.0,0.0,0.0,1,-0.0
1,0.2938374876976013,0.0,0.03967018351036691,1,-0.0,0,0.0,0.0,0.0,1,-0.0
2,0.6018840074539185,0.5981475382577628,0.026680115358616984,35,3.5738017629052434,0,0.0,0.0,0.0,1,-0.0
2,0.6034708023071289,0.5961295892484486,0.034862621910482026,24,3.050416048081182,0,0.0,0.0,0.0,1,-0.0
1,0.48004063963890076,0.0,0.049948973499019354,1,-0.0,0,0.0,0.0,0.0,1,-0.0
2,0.6877572536468506,0.6806334061548114,0.02866174962061147,30,3.0861065278196196,0,0.0,0.0,0.0,1,-0.0
1,0.39265885949134827,0.0,0.03591497776020939,1,-0.0,0,0.0,0.0,0.0,1,-0.0
3,0.7072615623474121,0.7006789217703044,0.04306435154897994,19,1.8563216599473915,0,0.0,0.0,0.0,1,-0.0
3,0.6637851595878601,0.6580352908931673,0.038372922799594346,21,1.7476524043235693,0,0.0,0.0,0.0,1,-0.0
3,0.6793459057807922,0.674391454551369,0.05493299005320296,16,1.6992849457036376,0,0.0,0.0,0.0,1,-0.0
1,0.4883648753166199,0.0,0.06252305500674993,1,-0.0,0,0.0,0.0,0.0,1,-0.0
1,0.48643460869789124,0.0,0.02805402655158778,1,-0.0,0,0.0,0.0,0.0,1,-0.0
2,0.5833048224449158,0.5803225729614496,0.029269011281250076,29,2.919142564009376,0,0.0,0.0,0.0,1,-0.0
2,0.6846057772636414,0.6706912228837609,0.03103173923279558,28,3.4347136263622855,0,0.0,0.0,0.0,1,-0.0
2,0.5504271984100342,0.5440830211155117,0.028112243567765864,27,2.7815126521776303,0,0.0,0.0,0.0,1,-0.0
1,0.35030680894851685,0.0,0.02738581255543977,1,-0.0,0,0.0,0.0,0.0,1,-0.0
1,0.4357428252696991,0.0,0.025212808011565356,1,-0.0,0,0.0,0.0,0.0,1,-0.0
2,0.6652970314025879,0.6604990581981838,0.04478612975952657,19,2.1023488135133452,0,0.0,0.0,0.0,1,-0.0
2,0.5749226808547974,0.5652097789570689,0.025133473565801978,30,3.245103528741754,0,0.0,0.0,0.0,1,-0.0
2,0.5890195965766907,0.5832101930864155,0.026029256445452058,29,3.0254307504860525,0,0.0,0.0,0.0,1,-0.0
2,0.5513080954551697,0.5419328846037388,0.028645370955295537,23,2.5850869194115087,0,0.0,0.0,0.0,1,-0.0
2,0.5516185760498047,0.5480276292655617,0.026096176601254916,33,3.7274969226445167,0,0.0,0.0,0.0,1,-0.0
2,0.6566282510757446,0.6514073107391596,0.02626607752245036,32,3.0452858668924576,0,0.0,0.0,0.0,1,-0.0
1,0.4752056300640106,0.0,0.02450797036572388,1,-0.0,0,0.0,0.0,0.0,1,-0.0
2,0.7130823135375977,0.7098034487571567,0.026627401642936973,31,3.1050786166060527,0,0.0,0.0,0.0,1,-0.0
2,0.7360851168632507,0.731747031211853,0.031967461946456194,26,2.542714459075403,0,0.0,0.0,0.0,1,-0.0
3,0.7153113484382629,0.7079373663291335,0.04181105433963239,21,1.8504735505015806,0,0.0,0.0,0.0,1,-0.0
2,0.505116879940033,0.502569651696831,0.028175484699507553,30,3.236852731645722,0,0.0,0.0,0.0,1,-0.0
2,0.6590096354484558,0.6547367591410875,0.03366149391359674,26,2.771227445420013,0,0.0,0.0,0.0,1,-0.0
2,0.5015258193016052,0.49803530680947006,0.02328896607625587,29,2.872146331027344,0,0.0,0.0,0.0,1,-0.0
2,0.6052629947662354,0.5942251440137625,0.040636662026181034,19,2.304454817164609,0,0.0,0.0,0.0,1,-0.0
2,0.503911554813385,0.4980124398134649,0.041174779486027546,24,2.8429481363736078,0,0.0,0.0,0.0,1,-0.0
1,0.4185602366924286,0.0,0.034919597212977424,1,-0.0,0,0.0,0.0,0.0,1,-0.0
3,0.6656342148780823,0.6628994185011834,0.03486136362750715,28,2.4364582198991513,0,0.0,0.0,0.0,1,-0.0
2,0.5125860571861267,0.5069538843818009,0.03402828692014971,30,3.0695615327991552,0,0.0,0.0,0.0,1,-0.0
3,0.7380282282829285,0.7294893031939864,0.04945584144701974,18,1.747471857678749,0,0.0,0.0,0.0,1,-0.0
3,0.6518052816390991,0.6440846626646817,0.04341974002109407,20,2.1281971281288072,0,0.0,0.0,0.0,1,-0.0
1,0.4044186770915985,0.0,0.04711467072678109,1,-0.0,0,0.0,0.0,0.0,1,-0.0
2,0.7108273506164551,0.7071495247073472,0.028489899403346633,27,1.9903563849718104,0,0.0,0.0,0.0,1,-0.0
1,0.4548531770706177,0.0,0.03578658224279551,1,-0.0,0,0.0,0.0,0.0,1,-0.0
2,0.53310626745224,0.5298454526346177,0.03778119924633453,27,3.6191431118474386,0,0.0,0.0,0.0,1,-0.0
2,0.7386125922203064,0.7330634989775717,0.024280011545245846,30,2.447449396741042,0,0.0,0.0,0.0,1,-0.0
2,0.7359523773193359,0.7316518817096949,0.028199923634078475,31,2.9731201290444567,0,0.0,0.0,0.0,1,-0.0
2,0.6720283627510071,0.6577413938939571,0.04844409015883381,15,2.26078240448976,0,0.0,0.0,0.0,1,-0.0
3,0.7346560955047607,0.7319280670490116,0.04270511227368843,20,1.8639206238543664,0,0.0,0.0,0.0,1,-0.0
1,0.4049813449382782,0.0,0.023895935349476833,1,-0.0,0,0.0,0.0,0.0,1,-0.0
1,0.45300889015197754,0.0,0.029054257025321325,1,-0.0,0,0.0,0.0,0.0,1,-0.0
1,0.44328469038009644,0.0,0.03352231456942502,1,-0.0,0,0.0,0.0,0.0,1,-0.0
1,0.462687611579895,0.0,0.03099284114099626,1,-0.0,0,0.0,0.0,0.0,1,-0.0
2,0.6549895405769348,0.6500456701032817,0.02471200389222109,28,2.5901297150316194,0,0.0,0.0,0.0,1,-0.0
3,0.6192477941513062,0.612626779358834,0.042593039995567364,22,2.623368513480392,0,0.0,0.0,0.0,1,-0.0
3,0.7093386054039001,0.7030586791224778,0.04329600829116412,19,1.7209806862914518,0,0.0,0.0,0.0,1,-0.0
2,0.5118858814239502,0.5101898662978783,0.0265860918062362,27,2.6285235791701203,0,0.0,0.0,0.0,1,-0.0
2,0.6919378042221069,0.6907103240955621,0.03667272405767686,22,1.8758394371484435,0,0.0,0.0,0.0,1,-0.0
1,0.40199655294418335,0.0,0.03203188719065941,1,-0.0,0,0.0,0.0,0.0,1,-0.0
2,0.7320927381515503,0.726126067340374,0.0329218927919018,22,2.2830020669497064,0,0.0,0.0,0.0,1,-0.0
3,0.5710344314575195,0.5653454619459808,0.032758725974708795,25,2.638357089815002,0,0.0,0.0,0.0,1,-0.0
3,0.6818889379501343,0.6763404961675406,0.04281230347451607,19,1.557288537962118,0,0.0,0.0,0.0,1,-0.0
2,0.5558425784111023,0.5515743745490909,0.032469402672722934,25,2.6695728372546075,0,0.0,0.0,0.0,1,-0.0
1,0.2793346047401428,0.0,0.04378390640608574,1,-0.0,0,0.0,0.0,0.0,1,-0.0
1,0.360478937625885,0.0,0.025959083673489446,1,-0.0,0,0.0,0.0,0.0,1,-0.0
2,0.6151105761528015,0.6074879597872496,0.040468914498988956,18,2.3262504029249778,0,0.0,0.0,0.0,1,-0.0
3,0.5444034934043884,0.5380269568413496,0.04250929419438101,22,2.7611504750506173,0,0.0,0.0,0.0,1,-0.0
2,0.6682220101356506,0.6626901561394334,0.029934449375353077,22,2.3217468975032967,0,0.0,0.0,0.0,1,-0.0
1,0.47391653060913086,0.0,0.036420843553390696,1,-0.0,0,0.0,0.0,0.0,1,-0.0
1,0.48949578404426575,0.0,0.03180198435007629,1,-0.0,0,0.0,0.0,0.0,1,-0.0
2,0.7130832672119141,0.7100475018378347,0.02413357078518358,31,2.4275773687143554,0,0.0,0.0,0.0,1,-0.0
3,0.6976101994514465,0.6949112699367106,0.03843829223035794,23,2.0095796798751953,0,0.0,0.0,0.0,1,-0.0
2,0.7615373730659485,0.7554551409557462,0.026283631899527142,28,2.496436138255448,0,0.0,0.0,0.0,1,-0.0
2,0.6078203916549683,0.603462306316942,0.036851205291565166,22,2.42949148126731,0,0.0,0.0,0.0,1,-0.0
1,0.48805946111679077,0.0,0.028493821123165303,1,-0.0,0,0.0,0.0,0.0,1,-0.0
1,0.3390676975250244,0.0,0.027535402505291684,1,-0.0,0,0.0,0.0,0.0,1,-0.0
3,0.7266044020652771,0.723534018965438,0.0362866804783192,23,1.8964448671098235,0,0.0,0.0,0.0,1,-0.0
2,0.5638821125030518,0.5601534862071276,0.03399763437919319,20,2.082174739617023,0,0.0,0.0,0.0,1,-0.0
2,0.5085976123809814,0.5033387402072549,0.03511115988322462,26,2.965120132459242,0,0.0,0.0,0.0,1,-0.0
2,0.6889801025390625,0.6853800667449832,0.037762858601206026,23,2.4747556314954697,0,0.0,0.0,0.0,1,-0.0
2,0.5678672194480896,0.5613750885240734,0.03482681794724028,28,3.0176856907121707,0,0.0,0.0,0.0,1,-0.0
1,0.3459019958972931,0.0,0.028132167858903153,1,-0.0,0,0.0,0.0,0.0,1,-0.0
3,0.6074512600898743,0.6037510551977903,0.03244261906002066,32,3.266414307735129,0,0.0,0.0,0.0,1,-0.0
2,0.5113528370857239,0.5029980046674609,0.02782049386168234,26,3.222507481008099,0,0.0,0.0,0.0,1,-0.0
1,0.40427836775779724,0.0,0.020703159901661838,1,-0.0,0,0.0,0.0,0.0,1,-0.0
1,0.39377880096435547,0.0,0.025162965007540252,1,-0.0,0,0.0,0.0,0.0,1,-0.0
1,0.3767949342727661,0.0,0.039087330596521495,1,-0.0,0,0.0,0.0,0.0,1,-0.0
2,0.6712335348129272,0.6696426869602874,0.03759519272162357,21,1.8815745633728944,0,0.0,0.0,0.0,1,-0.0
2,0.5777157545089722,0.568893687799573,0.051271017524413764,16,2.2631353218230226,0,0.0,0.0,0.0,1,-0.0
1,0.40632912516593933,0.0,0.042058848342599556,1,-0.0,0,0.0,0.0,0.0,1,-0.0
2,0.7538807392120361,0.7490045474842191,0.03135467119080623,26,2.3930895249571953,0,0.0,0.0,0.0,1,-0.0
3,0.6333518028259277,0.6184878079220653,0.060310912518096824,14,1.8993094679054745,0,0.0,0.0,0.0,1,-0.0
2,0.5742155909538269,0.5684335893020034,0.03163673666914782,26,2.981256865771616,0,0.0,0.0,0.0,1,-0.0
2,0.7407060861587524,0.7379857264459133,0.034380279695721,22,2.1159790350554104,0,0.0,0.0,0.0,1,-0.0
2,0.7662490606307983,0.7607925003394485,0.04889268215629272,16,1.7280301162623855,0,0.0,0.0,0.0,1,-0.0
3,0.5381659865379333,0.5300087202340364,0.03917898127110675,24,3.0234165210628543,0,0.0,0.0,0.0,1,-0.0
1,0.28673437237739563,0.0,0.024338991370803788,1,-0.0,0,0.0,0.0,0.0,1,-0.0
1,0.4501956105232239,0.0,0.03763101658783853,1,-0.0,0,0.0,0.0,0.0,1,-0.0
2,0.6183507442474365,0.6148858175147325,0.030453686671400512,27,2.7715151530918822,0,0.0,0.0,0.0,1,-0.0
1,0.4153555929660797,0.0,0.025759576466576808,1,-0.0,0,0.0,0.0,0.0,1,-0.0
2,0.6818970441818237,0.6789691029116511,0.02354841787933505,35,3.315534190887157,0,0.0,0.0,0.0,1,-0.0
2,0.618440568447113,0.6150314025580883,0.02681621879695312,34,2.7986916902130687,0,0.0,0.0,0.0,1,-0.0
2,0.7353643774986267,0.7318366502877325,0.031153715152938206,26,2.3456529338360315,0,0.0,0.0,0.0,1,-0.0
1,0.46545353531837463,0.0,0.02988018633590804,1,-0.0,0,0.0,0.0,0.0,1,-0.0
1,0.4295402765274048,0.0,0.029619890307076277,1,-0.0,0,0.0,0.0,0.0,1,-0.0
3,0.6887661814689636,0.6827584975399077,0.03759690274423717,23,2.117963785778426,0,0.0,0.0,0.0,1,-0.0
2,0.5177962779998779,0.5089693553745747,0.036805777256155296,21,2.9562419874661043,0,0.0,0.0,0.0,1,-0.0
3,0.6538017392158508,0.6495347386226058,0.035198009771799356,24,2.106399819598471,0,0.0,0.0,0.0,1,-0.0
2,0.57640141248703,0.5702160680666566,0.030688260914757848,32,3.5970295460098125,0,0.0,0.0,0.0,1,-0.0
2,0.6387587785720825,0.6333654425106943,0.029250270702228274,23,2.4451780880672707,0,0.0,0.0,0.0,1,-0.0
1,0.4852893650531769,0.0,0.0431509465593586,1,-0.0,0,0.0,0.0,0.0,1,-0.0
2,0.762902557849884,0.7523898808285594,0.03900031999330081,21,2.175449541349244,0,0.0,0.0,0.0,1,-0.0
2,0.6643937230110168,0.6607220661826432,0.023724160310147065,35,3.5305897569784364,0,0.0,0.0,0.0,1,-0.0
2,0.6282338500022888,0.6200006548315287,0.030144866881892086,25,2.6443080736196762,0,0.0,0.0,0.0,1,-0.0
2,0.5434526205062866,0.5412940203677863,0.02961837561752904,29,3.3862229195124174,0,0.0,0.0,0.0,1,-0.0
2,0.7115554809570312,0.7058831956237555,0.025814511640478047,31,2.680607882022145,0,0.0,0.0,0.0,1,-0.0
1,0.4077329635620117,0.0,0.02930930189680881,1,-0.0,0,0.0,0.0,0.0,1,-0.0
2,0.6430225968360901,0.6367933703586459,0.02710787731533249,30,2.8681397425829047,0,0.0,0.0,0.0,1,-0.0
1,0.35888874530792236,0.0,0.029008757492358036,1,-0.0,0,0.0,0.0,0.0,1,-0.0
1,0.4011995494365692,0.0,0.03988326101733202,1,-0.0,0,0.0,0.0,0.0,1,-0.0
1,0.42405474185943604,0.0,0.027671316389127502,1,-0.0,0,0.0,0.0,0.0,1,-0.0
2,0.7473863959312439,0.7388916313648224,0.04307679858003907,17,2.0151529790583296,0,0.0,0.0,0.0,1,-0.0
2,0.737898588180542,0.7347728551831096,0.027714356954675168,26,2.3402930394342127,0,0.0,0.0,0.0,1,-0.0
3,0.6838494539260864,0.6790679022669792,0.03617283252727551,24,2.0638190805556365,0,0.0,0.0,0.0,1,-0.0
3,0.6386778354644775,0.6344440733082592,0.03818475241264836,22,2.1497022373820758,0,0.0,0.0,0.0,1,-0.0
1,0.16511574387550354,0.0,0.0236993974674708,1,-0.0,0,0.0,0.0,0.0,1,-0.0
2,0.7515727877616882,0.7338538654148579,0.03137064707250549,26,3.0263845686013053,0,0.0,0.0,0.0,1,-0.0
4,0.5970242619514465,0.5934432875365019,0.06328686480798448,15,1.7191349744071485,0,0.0,0.0,0.0,1,-0.0
1,0.35510724782943726,0.0,0.028401571123496346,1,-0.0,0,0.0,0.0,0.0,1,-0.0
3,0.5830817818641663,0.5809777064714581,0.0288379860243627,28,2.378488634672936,0,0.0,0.0,0.0,1,-0.0
1,0.29096636176109314,0.0,0.02814387122169137,1,-0.0,0,0.0,0.0,0.0,1,-0.0
1,0.2818477153778076,0.0,0.03882501656930386,1,-0.0,0,0.0,0.0,0.0,1,-0.0
3,0.7517913579940796,0.7483568070456386,0.039437625448706305,22,2.01147326864232,0,0.0,0.0,0.0,1,-0.0
3,0.741966962814331,0.739627055125311,0.03449013723487345,24,1.7934815532200148,0,0.0,0.0,0.0,1,-0.0
3,0.6820138096809387,0.6740906564518809,0.038462689982473174,22,2.2142566407751483,0,0.0,0.0,0.0,1,-0.0
3,0.7016153931617737,0.696471540722996,0.049012655683327466,16,1.6863822732121092,0,0.0,0.0,0.0,1,-0.0
1,0.4111675024032593,0.0,0.03898680140264332,1,-0.0,0,0.0,0.0,0.0,1,-0.0
1,0.485501766204834,0.0,0.02098464988418581,1,-0.0,0,0.0,0.0,0.0,1,-0.0
1,0.3449694514274597,0.0,0.022640190587159905,1,-0.0,0,0.0,0.0,0.0,1,-0.0
2,0.6256465911865234,0.6220672172494233,0.059865095963080726,15,2.2800511999071955,0,0.0,0.0,0.0,1,-0.0
2,0.6450448036193848,0.6306600542739034,0.062497682170942426,13,2.138408535193426,0,0.0,0.0,0.0,1,-0.0
2,0.6505975127220154,0.6481420753989369,0.04679405614733696,15,1.6219665451378837,0,0.0,0.0,0.0,1,-0.0
1,0.26647186279296875,0.0,0.021346881391544795,1,-0.0,0,0.0,0.0,0.0,1,-0.0
2,0.5998216867446899,0.5962063495535403,0.031061690891095037,28,3.0689621278576333,0,0.0,0.0,0.0,1,-0.0
1,0.4460771679878235,0.0,0.04052760786212543,1,-0.0,0,0.0,0.0,0.0,1,-0.0
2,0.6775856018066406,0.6652852762490511,0.03247955784900114,28,3.583581486599221,0,0.0,0.0,0.0,1,-0.0
2,0.7074180245399475,0.6981766130775213,0.03614342932335355,22,2.7186359700554874,0,0.0,0.0,0.0,1,-0.0
3,0.6281156539916992,0.6205040365457535,0.062013245904101774,13,1.8514422241105395,0,0.0,0.0,0.0,1,-0.0
3,0.714143693447113,0.7114025955088437,0.030726989614777267,29,2.0436312918557924,0,0.0,0.0,0.0,1,-0.0
2,0.6988171339035034,0.6930683911778033,0.04700359247536177,21,2.5116518388371603,0,0.0,0.0,0.0,1,-0.0
2,0.7223436236381531,0.7200285193976015,0.03534897266460272,24,2.38170466609885,0,0.0,0.0,0.0,1,-0.0
2,0.6140369176864624,0.6125415193382651,0.02845155963022605,29,2.808102693543461,0,0.0,0.0,0.0,1,-0.0
1,0.46098145842552185,0.0,0.026255899258623167,1,-0.0,0,0.0,0.0,0.0,1,-0.0
2,0.785822868347168,0.7798076230101287,0.04264094431548276,18,1.8703587038363816,0,0.0,0.0,0.0,1,-0.0
1,0.4776248037815094,0.0,0.029861985451795837,1,-0.0,0,0.0,0.0,0.0,1,-0.0
2,0.6661184430122375,0.6560955625027418,0.02897482924966206,29,3.3343987178759154,0,0.0,0.0,0.0,1,-0.0
1,0.33390799164772034,0.0,0.0364470938102021,1,-0.0,0,0.0,0.0,0.0,1,-0.0
1,0.45782431960105896,0.0,0.02538210595324676,1,-0.0,0,0.0,0.0,0.0,1,-0.0
2,0.6127030253410339,0.6085122083313763,0.03306578438409468,25,2.615117254728802,0,0.0,0.0,0.0,1,-0.0
1,0.29943516850471497,0.0,0.01986986435194676,1,-0.0,0,0.0,0.0,0.0,1,-0.0
3,0.7660302519798279,0.7622054037638009,0.038642699257470665,25,2.2328843247736994,0,0.0,0.0,0.0,1,-0.0
3,0.7593587040901184,0.7522242963314056,0.05580906141221931,16,1.5393210732298512,0,0.0,0.0,0.0,1,-0.0
2,0.5765561461448669,0.5699679222889245,0.038562056325052094,23,2.5662203083418027,1,0.017438441514968872,0.0,0.49274931848049164,1,-0.0
1,0.40697789192199707,0.0,0.02364025435185638,1,-0.0,0,0.0,0.0,0.0,1,-0.0
1,0.4949464797973633,0.0,0.021713234686305642,1,-0.0,0,0.0,0.0,0.0,1,-0.0
2,0.5012550354003906,0.4953974727541208,0.03657816903432831,24,3.455911423774415,0,0.0,0.0,0.0,1,-0.0
3,0.7585099935531616,0.7577931918203831,0.03084677747879709,27,1.934762180436234,0,0.0,0.0,0.0,1,-0.0
2,0.7413821816444397,0.7343071298673749,0.036456504743546246,20,2.164709883928298,0,0.0,0.0,0.0,1,-0.0
1,0.4877172112464905,0.0,0.022860555379237566,1,-0.0,0,0.0,0.0,0.0,1,-0.0
3,0.7208867073059082,0.7152133719064295,0.04816386349634022,19,2.030520535257098,0,0.0,0.0,0.0,1,-0.0
2,0.5323563814163208,0.525303240865469,0.03601527532075786,22,2.40330085815228,0,0.0,0.0,0.0,1,-0.0
2,0.6491076946258545,0.6424782872200012,0.047394182611606085,20,2.3875662460195786,0,0.0,0.0,0.0,1,-0.0
2,0.7234176397323608,0.7171160783618689,0.0373743916304944,23,2.1205690059149505,0,0.0,0.0,0.0,1,-0.0
3,0.7351017594337463,0.7280117352493107,0.05703466674312949,15,1.3816220101493302,0,0.0,0.0,0.0,1,-0.0
3,0.6275801062583923,0.6220072889700532,0.02954202303330281,28,2.47529815700624,0,0.0,0.0,0.0,1,-0.0
2,0.5369763970375061,0.5339462591800839,0.045903696895887455,15,1.8266223206614,0,0.0,0.0,0.0,1,-0.0
1,0.4785190224647522,0.0,0.04053008398446052,1,-0.0,0,0.0,0.0,0.0,1,-0.0
4,0.6681208610534668,0.6648820899426937,0.06757605623403963,14,1.307733849198637,0,0.0,0.0,0.0,1,-0.0
2,0.5021361112594604,0.49924803152680397,0.02644506749541809,30,2.969247733712685,0,0.0,0.0,0.0,1,-0.0
1,0.3743665814399719,0.0,0.030573706955571347,1,-0.0,0,0.0,0.0,0.0,1,-0.0
3,0.7515275478363037,0.7473917906172574,0.043978252843953666,20,1.93605922102492,0,0.0,0.0,0.0,1,-0.0
1,0.42997032403945923,0.0,0.022250613221244532,1,-0.0,0,0.0,0.0,0.0,1,-0.0
2,0.6004124283790588,0.5926231788471341,0.03309898897229383,24,2.9374770363897564,0,0.0,0.0,0.0,1,-0.0
2,0.6954510807991028,0.6903689778409898,0.03214833105681464,25,2.501024637838676,0,0.0,0.0,0.0,1,-0.0
2,0.5432329177856445,0.5317059373483062,0.03521990585564212,22,3.0223431305328665,0,0.0,0.0,0.0,1,-0.0
2,0.6019673347473145,0.6007098745321855,0.027220890686670638,29,2.899096213245921,0,0.0,0.0,0.0,1,-0.0
2,0.6597408056259155,0.6584016025299206,0.026142752826369058,30,2.467147849117578,0,0.0,0.0,0.0,1,-0.0
2,0.630152702331543,0.6260340283624828,0.027573255686244618,30,3.089757372388422,0,0.0,0.0,0.0,1,-0.0
2,0.5603064298629761,0.5554305477999151,0.02785535584203899,25,2.404055337541701,0,0.0,0.0,0.0,1,-0.0
2,0.7092701196670532,0.7006687363609672,0.045209894707012505,18,2.0332396341768435,0,0.0,0.0,0.0,1,-0.0
2,0.6063789129257202,0.6025972487404943,0.025077091501800403,31,3.2731200918781176,0,0.0,0.0,0.0,1,-0.0
3,0.6683574914932251,0.6675627348013222,0.038343339935333155,24,2.0565461606444457,0,0.0,0.0,0.0,1,-0.0
3,0.6551095247268677,0.65170120424591,0.041488615220129886,21,2.0398537316290546,0,0.0,0.0,0.0,1,-0.0
1,0.48686444759368896,0.0,0.0399757014286782,1,-0.0,2,0.05385386943817139,0.05242512375116348,0.29356207326054573,2,0.16669271083509712
1,0.45871701836586,0.0,0.02629057377011382,1,-0.0,0,0.0,0.0,0.0,1,-0.0
2,0.7618473768234253,0.7578683430328965,0.037798708208593663,23,2.176304227395066,0,0.0,0.0,0.0,1,-0.0
1,0.2737351953983307,0.0,0.03589034352493896,1,-0.0,0,0.0,0.0,0.0,1,-0.0
3,0.6202537417411804,0.6160490568727255,0.03814242112760743,21,2.0381027231327544,0,0.0,0.0,0.0,1,-0.0
2,0.7554523348808289,0.7534788569901139,0.03075374851219489,28,2.2957367335234764,0,0.0,0.0,0.0,1,-0.0
3,0.7574201822280884,0.7532425015233457,0.035962959265579346,23,1.8899666122523484,0,0.0,0.0,0.0,1,-0.0
3,0.7043917775154114,0.6989887030795217,0.03876242085508155,22,1.8986556691126717,0,0.0,0.0,0.0,1,-0.0
3,0.6949000954627991,0.6901551326736808,0.037629716604462134,23,1.902907011384145,0,0.0,0.0,0.0,1,-0.0
3,0.7615628242492676,0.7564843823201954,0.03697251913965576,27,2.4317308423715427,0,0.0,0.0,0.0,1,-0.0
2,0.593748927116394,0.5924239162122831,0.0416827192931946,21,2.5243020277261,0,0.0,0.0,0.0,1,-0.0
2,0.5093689560890198,0.5050689554773271,0.037495534307146,21,2.673768637162458,0,0.0,0.0,0.0,1,-0.0
1,0.14982004463672638,0.0,0.023974439977402135,1,-0.0,0,0.0,0.0,0.0,1,-0.0
1,0.31010085344314575,0.0,0.025697360448539257,1,-0.0,0,0.0,0.0,0.0,1,-0.0
2,0.6835693717002869,0.6824086862616241,0.02482417708129755,35,2.75930843983951,0,0.0,0.0,0.0,1,-0.0
1,0.4887228012084961,0.0,0.024022656391995648,1,-0.0,0,0.0,0.0,0.0,1,-0.0
1,0.3712259829044342,0.0,0.03543630607712727,1,-0.0,0,0.0,0.0,0.0,1,-0.0
3,0.6868168711662292,0.6817448199726641,0.0727121193406426,11,1.417561613920554,0,0.0,0.0,0.0,1,-0.0
2,0.6594469547271729,0.6503032194450498,0.03538475141491896,24,2.9237163016955865,0,0.0,0.0,0.0,1,-0.0
2,0.6454731225967407,0.6349581126123667,0.038218600920548566,19,2.369068306480602,0,0.0,0.0,0.0,1,-0.0
3,0.7431785464286804,0.7339006504043937,0.05695654112188255,17,1.8930410062342922,0,0.0,0.0,0.0,1,-0.0
2,0.6269453763961792,0.6209798166528344,0.043198984434926195,19,2.4152181820013476,0,0.0,0.0,0.0,1,-0.0
2,0.7871934175491333,0.7843045224435627,0.030081768674010943,28,2.2163746349643585,0,0.0,0.0,0.0,1,-0.0
1,0.4620484411716461,0.0,0.02561407801307117,1,-0.0,0,0.0,0.0,0.0,1,-0.0
1,0.49191293120384216,0.0,0.04486646921141073,1,-0.0,0,0.0,0.0,0.0,1,-0.0
1,0.47505390644073486,0.0,0.030334287039780368,1,-0.0,0,0.0,0.0,0.0,1,-0.0
2,0.5639957189559937,0.5536038354039192,0.04063813258452635,19,2.72697979361282,0,0.0,0.0,0.0,1,-0.0
3,0.6998617053031921,0.6925848657265306,0.05613873126276303,16,1.8723110090147284,0,0.0,0.0,0.0,1,-0.0
2,0.7476169466972351,0.7439307500608265,0.03683079957845621,20,2.1201775325837584,0,0.0,0.0,0.0,1,-0.0
3,0.7196412086486816,0.717098405584693,0.03946471401667666,21,1.907813776747952,0,0.0,0.0,0.0,1,-0.0
2,0.6397472620010376,0.6338601927272975,0.028857314868060792,23,2.344030628437847,0,0.0,0.0,0.0,1,-0.0
1,0.31249335408210754,0.0,0.021908924731454164,1,-0.0,0,0.0,0.0,0.0,1,-0.0
1,0.4569283723831177,0.0,0.028515668851988658,1,-0.0,0,0.0,0.0,0.0,1,-0.0
1,0.21074165403842926,0.0,0.02247485887658383,1,-0.0,0,0.0,0.0,0.0,1,-0.0
3,0.669874906539917,0.6655659829266369,0.03714530558367683,22,1.7734446602194882,0,0.0,0.0,0.0,1,-0.0
2,0.594091534614563,0.5793608417734504,0.03522044794795954,23,3.027554710497229,0,0.0,0.0,0.0,1,-0.0
3,0.7083249092102051,0.7073643463663757,0.026297494144220016,34,2.385105327877734,0,0.0,0.0,0.0,1,-0.0
2,0.654677152633667,0.6521686168853194,0.02491937352762443,35,3.0934732224726473,0,0.0,0.0,0.0,1,-0.0
2,0.6986097097396851,0.6931747035123408,0.03135063414811157,24,2.660519124482974,0,0.0,0.0,0.0,1,-0.0
2,0.5277320742607117,0.5181872136890888,0.036673336662352084,20,2.8093346964798798,0,0.0,0.0,0.0,1,-0.0
1,0.22567415237426758,0.0,0.021035486677040655,1,-0.0,0,0.0,0.0,0.0,1,-0.0
3,0.7434288263320923,0.733013198710978,0.08930003899149597,10,1.5062505813507936,0,0.0,0.0,0.0,1,-0.0
3,0.7050477862358093,0.6962431482970715,0.05012908820336794,17,1.864893325623498,0,0.0,0.0,0.0,1,-0.0
2,0.7192837595939636,0.7143428334966302,0.033312567571410906,25,2.6825479226115574,0,0.0,0.0,0.0,1,-0.0
2,0.6263201236724854,0.6246864582644776,0.03255393590446743,24,2.5450323943247937,0,0.0,0.0,0.0,1,-0.0
1,0.31728702783584595,0.0,0.025784315871230017,1,-0.0,0,0.0,0.0,0.0,1,-0.0
1,0.2469254434108734,0.0,0.020047913952593636,1,-0.0,0,0.0,0.0,0.0,1,-0.0
2,0.5821500420570374,0.572232092730701,0.0341424911921085,27,3.659228416281237,0,0.0,0.0,0.0,1,-0.0
2,0.562013566493988,0.555476504843682,0.041212723221785076,24,2.7926441810399405,0,0.0,0.0,0.0,1,-0.0
1,0.35282692313194275,0.0,0.02494291409883382,1,-0.0,0,0.0,0.0,0.0,1,-0.0
1,0.39215707778930664,0.0,0.027957226174683974,1,-0.0,0,0.0,0.0,0.0,1,-0.0
1,0.36602097749710083,0.0,0.02823462993860716,1,-0.0,0,0.0,0.0,0.0,1,-0.0
2,0.6641669869422913,0.6530766496434808,0.03929550552275032,20,2.2870474736565267,0,0.0,0.0,0.0,1,-0.0
2,0.6729896664619446,0.6672943993471563,0.045049231396714115,17,2.0189988485843493,0,0.0,0.0,0.0,1,-0.0
3,0.7461585402488708,0.7432047135662287,0.02941649788508898,29,2.085464019974873,0,0.0,0.0,0.0,1,-0.0
1,0.32222816348075867,0.0,0.02718766386344753,1,-0.0,0,0.0,0.0,0.0,1,-0.0
2,0.6908026337623596,0.6877280813641846,0.03167320776696282,27,2.6395224114024636,0,0.0,0.0,0.0,1,-0.0
2,0.7129143476486206,0.7086241794750094,0.036169021453877744,22,2.070758969903341,0,0.0,0.0,0.0,1,-0.0
3,0.6774179339408875,0.6741976027842611,0.039830295041957425,21,1.829798881410546,0,0.0,0.0,0.0,1,-0.0
2,0.567011833190918,0.5652560293674469,0.03440242204349488,25,2.702791329050955,0,0.0,0.0,0.0,1,-0.0
2,0.5777109265327454,0.5745738002005965,0.03395438127751861,21,2.3418896609348203,0,0.0,0.0,0.0,1,-0.0
3,0.6823140978813171,0.6782172932289541,0.03144599739381851,29,2.257457668117537,0,0.0,0.0,0.0,1,-0.0
3,0.7952057719230652,0.7912210882641375,0.034314982749772474,26,1.7456731056705252,0,0.0,0.0,0.0,1,-0.0
2,0.7621198296546936,0.7601457103155553,0.0355778435462008,25,2.498359015449036,0,0.0,0.0,0.0,1,-0.0
1,0.3693406581878662,0.0,0.03297130219638347,1,-0.0,0,0.0,0.0,0.0,1,-0.0
2,0.5315356254577637,0.5276308383326977,0.031123843620534813,28,3.0033117539074055,0,0.0,0.0,0.0,1,-0.0
3,0.7041963934898376,0.7023288978962228,0.0623189004487358,15,1.971686552807156,0,0.0,0.0,0.0,1,-0.0
2,0.5470327138900757,0.5462535372353159,0.04281559131656346,24,3.5361763499986143,0,0.0,0.0,0.0,1,-0.0
3,0.6002932190895081,0.5967168936040252,0.03603617262095213,25,2.434113320066087,0,0.0,0.0,0.0,1,-0.0
2,0.7531764507293701,0.7486043553799391,0.031770238549842574,26,2.7430536030320942,0,0.0,0.0,0.0,1,-0.0
1,0.32409942150115967,0.0,0.031343980623340165,1,-0.0,0,0.0,0.0,0.0,1,-0.0
2,0.6991066336631775,0.6943545695394278,0.024160255736205727,34,2.9142229074000165,0,0.0,0.0,0.0,1,-0.0
1,0.30449774861335754,0.0,0.023756315881154424,1,-0.0,0,0.0,0.0,0.0,1,-0.0
1,0.3149060904979706,0.0,0.027848106622695924,1,-0.0,0,0.0,0.0,0.0,1,-0.0
2,0.658328652381897,0.65470653725788,0.029384017772584533,30,2.7374218136093598,0,0.0,0.0,0.0,1,-0.0
1,0.31732404232025146,0.0,0.02686697289155906,1,-0.0,0,0.0,0.0,0.0,1,-0.0
3,0.6979145407676697,0.695990746608004,0.032801482441405266,26,2.1522311913185503,0,0.0,0.0,0.0,1,-0.0
2,0.6315840482711792,0.6218619588762522,0.03632275268825216,23,2.8547942226552094,0,0.0,0.0,0.0,1,-0.0
2,0.5725749135017395,0.5709503019461408,0.02847235036636542,29,2.596346660305988,0,0.0,0.0,0.0,1,-0.0
1,0.48472365736961365,0.0,0.023681822356372846,1,-0.0,0,0.0,0.0,0.0,1,-0.0
3,0.6731870770454407,0.6713357461849228,0.0325174593065943,24,1.898539663955682,0,0.0,0.0,0.0,1,-0.0
3,0.7359743714332581,0.7352461245027371,0.031075850767255934,27,1.541422747065941,0,0.0,0.0,0.0,1,-0.0
2,0.687128484249115,0.68073656456545,0.03843716926639899,20,2.2319684328903966,0,0.0,0.0,0.0,1,-0.0
1,0.21462810039520264,0.0,0.019962545924285865,1,-0.0,0,0.0,0.0,0.0,1,-0.0
2,0.645821213722229,0.6435138881206512,0.026812204800080508,30,2.4456691764100853,0,0.0,0.0,0.0,1,-0.0
2,0.7405247688293457,0.7339139268733561,0.045392404038769506,18,2.047609241022829,0,0.0,0.0,0.0,1,-0.0
1,0.3552260994911194,0.0,0.025325868053939837,1,-0.0,0,0.0,0.0,0.0,1,-0.0
1,0.4688378870487213,0.0,0.03394928074391958,1,-0.0,0,0.0,0.0,0.0,1,-0.0
3,0.6450930833816528,0.6360021606087685,0.03999901187073972,21,2.0982312717400973,0,0.0,0.0,0.0,1,-0.0
2,0.7727446556091309,0.7657746775075793,0.03687491995515302,24,2.5513210615615187,0,0.0,0.0,0.0,1,-0.0
2,0.6446333527565002,0.6386542129330337,0.02673185182356974,32,3.210960082881036,0,0.0,0.0,0.0,1,-0.0
1,0.4321725070476532,0.0,0.032848711125552654,1,-0.0,0,0.0,0.0,0.0,1,-0.0
3,0.7623230218887329,0.7563582430593669,0.056250809371704236,16,1.8194586839441125,0,0.0,0.0,0.0,1,-0.0
2,0.5129309892654419,0.5097273958381265,0.028722872091457248,25,2.570259117489792,0,0.0,0.0,0.0,1,-0.0
3,0.5547170639038086,0.5520579514559358,0.04398704553022981,18,1.9240939482296722,0,0.0,0.0,0.0,1,-0.0
3,0.6505566239356995,0.6496552851749584,0.08589706849630198,9,1.4420635179666035,0,0.0,0.0,0.0,1,-0.0
3,0.6835616827011108,0.6797983821015805,0.0397758166477813,23,2.0771042848551087,0,0.0,0.0,0.0,1,-0.0
3,0.7216723561286926,0.7136385338380933,0.04364807020235611,19,1.8612281039383471,0,0.0,0.0,0.0,1,-0.0
2,0.731682538986206,0.7291171273682266,0.029716078205428157,26,2.57607154405261,0,0.0,0.0,0.0,1,-0.0
2,0.5341726541519165,0.5177132859826088,0.0591048148747247,13,2.402513484260141,0,0.0,0.0,0.0,1,-0.0
3,0.7320706844329834,0.7266946821473539,0.02934725284576416,30,2.068901540511587,0,0.0,0.0,0.0,1,-0.0
3,0.5790083408355713,0.5748825925402343,0.03370277947746217,25,2.5626192968372914,0,0.0,0.0,0.0,1,-0.0
1,0.49254152178764343,0.0,0.024937985470392526,1,-0.0,0,0.0,0.0,0.0,1,-0.0
2,0.5645192861557007,0.5576234329491854,0.03421682790143504,21,2.56373017780071,0,0.0,0.0,0.0,1,-0.0
2,0.637306809425354,0.631221023388207,0.02745913048839253,33,2.9886661467462647,0,0.0,0.0,0.0,1,-0.0
2,0.6647695302963257,0.6647695265710354,0.027263412150332986,29,2.9677306717080123,0,0.0,0.0,0.0,1,-0.0
3,0.7463963627815247,0.7380164107307792,0.05392435988954579,15,1.569747858656253,0,0.0,0.0,0.0,1,-0.0
1,0.2595972418785095,0.0,0.03072858098204489,1,-0.0,0,0.0,0.0,0.0,1,-0.0
2,0.630142867565155,0.6257566236890852,0.028303469469701466,24,2.5685362934196307,0,0.0,0.0,0.0,1,-0.0
2,0.5786899924278259,0.5668750572949648,0.04756665922468528,14,1.9592320344805314,0,0.0,0.0,0.0,1,-0.0
2,0.6566957235336304,0.6389738619327545,0.05460291827718417,15,2.4548226050540767,0,0.0,0.0,0.0,1,-0.0
2,0.5706329345703125,0.5611700257286429,0.02418197758285509,31,3.0976276228433317,0,0.0,0.0,0.0,1,-0.0
3,0.7084507942199707,0.7005434073507786,0.04303153568731719,19,1.9555569773675971,0,0.0,0.0,0.0,1,-0.0
3,0.6632877588272095,0.643977565690875,0.06554675366108616,12,1.5985540864687897,0,0.0,0.0,0.0,1,-0.0
2,0.7380960583686829,0.7359772154595703,0.03623846288689453,23,2.221473234077308,0,0.0,0.0,0.0,1,-0.0
2,0.7648765444755554,0.7557874796912074,0.03991693468941819,21,2.370505374078968,0,0.0,0.0,0.0,1,-0.0
3,0.7028249502182007,0.7011863227235153,0.03982750895564728,23,2.164060387135307,0,0.0,0.0,0.0,1,-0.0
2,0.6583818197250366,0.6505085919052362,0.03712694639236563,18,2.1052804712826574,0,0.0,0.0,0.0,1,-0.0
3,0.6853775382041931,0.6827446210663766,0.0350660033824776,24,1.6919346217638462,0,0.0,0.0,0.0,1,-0.0
2,0.7507374286651611,0.7463479107245803,0.04409612442315039,18,1.741073227676577,0,0.0,0.0,0.0,1,-0.0
3,0.671115517616272,0.6616025073453784,0.045941441948525605,20,2.3502884133790416,0,0.0,0.0,0.0,1,-0.0
3,0.669362485408783,0.6675930210622028,0.035455325954902014,26,2.655960027006789,0,0.0,0.0,0.0,1,-0.0
1,0.17497898638248444,0.0,0.026708027977427398,1,-0.0,0,0.0,0.0,0.0,1,-0.0
2,0.6881391406059265,0.6842453016433865,0.025834650366210982,34,2.7394894708186794,0,0.0,0.0,0.0,1,-0.0
2,0.6192898154258728,0.6047049863263965,0.052881366440228054,14,2.109248767772687,0,0.0,0.0,0.0,1,-0.0
2,0.5279691219329834,0.5243766321800649,0.03720513035659678,20,2.141636088557802,0,0.0,0.0,0.0,1,-0.0
2,0.6603772044181824,0.6462225634604692,0.04392357685260082,19,2.3922184260432635,0,0.0,0.0,0.0,1,-0.0
1,0.49000898003578186,0.0,0.03197496554262384,1,-0.0,0,0.0,0.0,0.0,1,-0.0
2,0.5495967268943787,0.5429662643000484,0.029960536684554357,26,3.100680867763865,0,0.0,0.0,0.0,1,-0.0
2,0.6184666752815247,0.6065014246851206,0.04806165726234515,15,1.8570900588133745,0,0.0,0.0,0.0,1,-0.0
2,0.5968173146247864,0.5909220734611154,0.03716842236969134,23,3.0223459246962836,0,0.0,0.0,0.0,1,-0.0
2,0.7023190259933472,0.6966348243877292,0.03782092715613544,25,2.4848780135505817,0,0.0,0.0,0.0,1,-0.0
3,0.6585206985473633,0.6564234571997076,0.04029536702331494,22,1.9814849726200063,0,0.0,0.0,0.0,1,-0.0
1,0.38359546661376953,0.0,0.023767681076766595,1,-0.0,0,0.0,0.0,0.0,1,-0.0
1,0.31402817368507385,0.0,0.023964361940410787,1,-0.0,0,0.0,0.0,0.0,1,-0.0
3,0.752861738204956,0.7506967806257308,0.03830571323245143,24,1.9667708707058722,0,0.0,0.0,0.0,1,-0.0
3,0.6168311834335327,0.6132393581792712,0.028751145802172168,35,3.2784593004624822,0,0.0,0.0,0.0,1,-0.0
2,0.6496396660804749,0.6444133734330535,0.028536017630748183,28,2.496511835489339,0,0.0,0.0,0.0,1,-0.0
3,0.6818529367446899,0.6808834809926338,0.03315380870887067,26,2.177585731974612,0,0.0,0.0,0.0,1,-0.0
2,0.5226925015449524,0.5164013025350869,0.02471913467888953,32,3.393104405186673,0,0.0,0.0,0.0,1,-0.0
3,0.7825270295143127,0.7797483974136412,0.036473457968289345,24,1.8976397121525497,0,0.0,0.0,0.0,1,-0.0
2,0.673738420009613,0.6690037711523473,0.0423681826061128,19,2.2695142736546363,0,0.0,0.0,0.0,1,-0.0
3,0.7280075550079346,0.7219463065266609,0.05246195987360004,17,1.7520947795786774,0,0.0,0.0,0.0,1,-0.0
2,0.7252846956253052,0.7219620838295668,0.027799623237703654,34,3.059647927031206,0,0.0,0.0,0.0,1,-0.0
2,0.725710928440094,0.7195156253874302,0.03641139838547886,24,2.344059038255214,0,0.0,0.0,0.0,1,-0.0
1,0.40003523230552673,0.0,0.03727808201537383,1,-0.0,0,0.0,0.0,0.0,1,-0.0
2,0.640349268913269,0.6245035622268915,0.04100442540624903,18,2.408334544027682,0,0.0,0.0,0.0,1,-0.0
2,0.6196386814117432,0.6133013316430151,0.029798747156746686,24,2.6884758097195443,0,0.0,0.0,0.0,1,-0.0
2,0.7655187249183655,0.7603808930143714,0.026715845680765567,31,2.8073909483959936,0,0.0,0.0,0.0,1,-0.0
2,0.7654494643211365,0.7611843952909112,0.03626206368304944,24,2.3475800118979366,0,0.0,0.0,0.0,1,-0.0
2,0.6738878488540649,0.6613389803096652,0.03476822952507064,24,2.9107912534415825,0,0.0,0.0,0.0,1,-0.0
2,0.625047504901886,0.6221479382365942,0.046054297393900066,17,2.3490955198772103,0,0.0,0.0,0.0,1,-0.0
3,0.656605064868927,0.6503546545282006,0.06066711860386512,13,1.6953735239006602,0,0.0,0.0,0.0,1,-0.0
2,0.6413118243217468,0.6323732724413276,0.05145175974549992,14,1.6848908272111722,0,0.0,0.0,0.0,1,-0.0
1,0.3038584887981415,0.0,0.018183552450500427,1,-0.0,0,0.0,0.0,0.0,1,-0.0
1,0.22711290419101715,0.0,0.01984024186903197,1,-0.0,0,0.0,0.0,0.0,1,-0.0
3,0.7775862216949463,0.7754027559421957,0.041096750872730764,21,1.3038978950858897,0,0.0,0.0,0.0,1,-0.0
2,0.582648754119873,0.5760517483577132,0.03400172354653477,25,2.8554288167945368,0,0.0,0.0,0.0,1,-0.0
1,0.4665418267250061,0.0,0.03533518409610472,1,-0.0,0,0.0,0.0,0.0,1,-0.0
1,0.22961221635341644,0.0,0.0240511822198788,1,-0.0,0,0.0,0.0,0.0,1,-0.0
2,0.5647172927856445,0.5617376174777746,0.03287308385986234,31,3.0861163977177033,0,0.0,0.0,0.0,1,-0.0
2,0.556991457939148,0.5551868034526706,0.027653072159200046,26,2.6125939954651054,0,0.0,0.0,0.0,1,-0.0
3,0.7704333662986755,0.7689847706351429,0.04098693806112611,21,1.5413694605445578,0,0.0,0.0,0.0,1,-0.0
3,0.6477228403091431,0.6430385136045516,0.028157285640411304,33,2.986083637606008,0,0.0,0.0,0.0,1,-0.0
2,0.6489651203155518,0.6428583734668791,0.027676665479497563,31,2.9009214836654778,0,0.0,0.0,0.0,1,-0.0
2,0.5635764598846436,0.5591897470876575,0.02025771200386507,31,2.5350028247339256,0,0.0,0.0,0.0,1,-0.0
3,0.7635276317596436,0.7599844112992287,0.041878692235331985,20,1.660704467928099,0,0.0,0.0,0.0,1,-0.0
1,0.4507642984390259,0.0,0.03306035272096498,1,-0.0,0,0.0,0.0,0.0,1,-0.0
2,0.6756082773208618,0.6664083143696189,0.03847322167447684,22,2.5857221025895676,0,0.0,0.0,0.0,1,-0.0
1,0.34825319051742554,0.0,0.028328934967118715,1,-0.0,0,0.0,0.0,0.0,1,-0.0
3,0.6779343485832214,0.6741375392302871,0.04047335509063774,19,1.6066529474875244,0,0.0,0.0,0.0,1,-0.0
1,0.4046528935432434,0.0,0.029249206024150435,1,-0.0,0,0.0,0.0,0.0,1,-0.0
3,0.8034449219703674,0.801746339420788,0.03157822623169133,28,1.9326121080841345,0,0.0,0.0,0.0,1,-0.0
3,0.7873121500015259,0.78301558829844,0.03948445879809913,21,1.6139034062291553,0,0.0,0.0,0.0,1,-0.0
1,0.18862715363502502,0.0,0.028307982082306234,1,-0.0,0,0.0,0.0,0.0,1,-0.0
2,0.7117475271224976,0.7080278571229428,0.03726788902131375,20,1.8918925009971836,0,0.0,0.0,0.0,1,-0.0
3,0.7501401305198669,0.7464075381867588,0.04652348858588892,18,1.492049981851886,0,0.0,0.0,0.0,1,-0.0
2,0.6626229286193848,0.6596432139631361,0.023141718491584667,37,3.2464489334750364,0,0.0,0.0,0.0,1,-0.0
2,0.5820240378379822,0.5775948134250939,0.04421279671078082,16,1.8441085887661108,0,0.0,0.0,0.0,1,-0.0
3,0.7136152386665344,0.7027425402775407,0.05726641227180759,15,1.8055872871951395,0,0.0,0.0,0.0,1,-0.0
2,0.7042538523674011,0.6947117019444704,0.02716602220319169,29,2.949148695565865,0,0.0,0.0,0.0,1,-0.0
3,0.5897339582443237,0.5864777259994298,0.04180021661291407,22,2.3136619416117044,0,0.0,0.0,0.0,1,-0.0
2,0.7600530982017517,0.7535287695936859,0.0362085289414972,25,2.750551135990649,0,0.0,0.0,0.0,1,-0.0
2,0.5174395442008972,0.515416617738083,0.02024019056019218,36,3.2232297358099817,0,0.0,0.0,0.0,1,-0.0
3,0.747325599193573,0.7429713397286832,0.04955822448634232,18,1.8885922126870363,0,0.0,0.0,0.0,1,-0.0
2,0.6781322956085205,0.6724544665776193,0.02561777781940893,36,3.490270825585751,0,0.0,0.0,0.0,1,-0.0
3,0.768869936466217,0.765151045517996,0.045600386844996954,19,1.3194503830378155,0,0.0,0.0,0.0,1,-0.0
2,0.5457707643508911,0.5336635913699865,0.03686521841997379,19,2.4962578273925606,0,0.0,0.0,0.0,1,-0.0
1,0.20114265382289886,0.0,0.03450057941096786,1,-0.0,0,0.0,0.0,0.0,1,-0.0
3,0.7061078548431396,0.7023169726599008,0.03770635849893248,24,1.9206882253133757,0,0.0,0.0,0.0,1,-0.0
2,0.7685179710388184,0.7660854458808899,0.03009190844371915,25,1.9546932721734227,0,0.0,0.0,0.0,1,-0.0
3,0.6716982126235962,0.6667718244716525,0.03509889780629978,27,2.7084877713658555,0,0.0,0.0,0.0,1,-0.0
2,0.5276472568511963,0.5245553844142705,0.04858920690862255,18,2.090837952766012,0,0.0,0.0,0.0,1,-0.0
1,0.43646252155303955,0.0,0.02233772887495544,1,-0.0,0,0.0,0.0,0.0,1,-0.0
2,0.5115175247192383,0.5075910924933851,0.020558571374306504,39,3.6326627315778715,0,0.0,0.0,0.0,1,-0.0
1,0.31496599316596985,0.0,0.025131038846806265,1,-0.0,0,0.0,0.0,0.0,1,-0.0
3,0.6975935101509094,0.6945517472922802,0.031067587757626407,26,1.9149772343194067,0,0.0,0.0,0.0,1,-0.0
1,0.49966686964035034,0.0,0.025291989239427024,1,-0.0,0,0.0,0.0,0.0,1,-0.0
1,0.3904479444026947,0.0,0.02608360057302679,1,-0.0,0,0.0,0.0,0.0,1,-0.0
1,0.383043110370636,0.0,0.02622262847623514,1,-0.0,0,0.0,0.0,0.0,1,-0.0
3,0.6902588605880737,0.6860316498205066,0.03603509766981006,25,2.185542112395133,0,0.0,0.0,0.0,1,-0.0
2,0.7757702469825745,0.762581730261445,0.0536283444671426,16,2.2361544979820196,0,0.0,0.0,0.0,1,-0.0
3,0.6830678582191467,0.6804377210792154,0.040017169080039654,22,1.9178424753013337,0,0.0,0.0,0.0,1,-0.0
2,0.7107537388801575,0.7018397245556116,0.04443402663118353,19,2.6684611208840727,0,0.0,0.0,0.0,1,-0.0
2,0.7653062343597412,0.7609546463936567,0.04479632485691024,20,2.3165376769033754,0,0.0,0.0,0.0,1,-0.0
1,0.43369853496551514,0.0,0.024299057924508816,1,-0.0,0,0.0,0.0,0.0,1,-0.0
2,0.5815227031707764,0.5796657867031172,0.038093451479518856,27,3.107025238650137,0,0.0,0.0,0.0,1,-0.0
1,0.3867185711860657,0.0,0.02599430516069145,1,-0.0,0,0.0,0.0,0.0,1,-0.0
1,0.4117984473705292,0.0,0.02416826123953797,1,-0.0,0,0.0,0.0,0.0,1,-0.0
2,0.7256112098693848,0.723291223635897,0.03342626404593743,21,2.1492190696123856,0,0.0,0.0,0.0,1,-0.0
2,0.6808726191520691,0.6766651729121804,0.05060333250730764,16,2.041672635999743,0,0.0,0.0,0.0,1,-0.0
1,0.28657618165016174,0.0,0.03717201424296945,1,-0.0,0,0.0,0.0,0.0,1,-0.0
1,0.3164065182209015,0.0,0.038535514325638745,1,-0.0,0,0.0,0.0,0.0,1,-0.0
3,0.7415336966514587,0.7385599471163005,0.057443054703374706,15,1.3200792002733137,0,0.0,0.0,0.0,1,-0.0
2,0.5089086294174194,0.49601754639297724,0.0542945740671712,16,2.294281016958468,0,0.0,0.0,0.0,1,-0.0
2,0.6119428277015686,0.6106887356145307,0.042909923943668785,21,2.607879088914258,0,0.0,0.0,0.0,1,-0.0
2,0.6421961188316345,0.6387748708948493,0.036904106694485315,22,2.297860072647771,0,0.0,0.0,0.0,1,-0.0
2,0.5114628672599792,0.5016056383028626,0.031233890479515223,22,2.722386701312811,0,0.0,0.0,0.0,1,-0.0
2,0.6868577599525452,0.6823818869888783,0.03590386185429192,21,1.8508932315222506,0,0.0,0.0,0.0,1,-0.0
2,0.5082428455352783,0.5043366926256567,0.023937532751006074,32,3.0657049635003126,0,0.0,0.0,0.0,1,-0.0
3,0.7173585295677185,0.7144865640439093,0.037068697432308305,24,1.8586351090797868,0,0.0,0.0,0.0,1,-0.0
1,0.42032313346862793,0.0,0.02857064583001594,1,-0.0,0,0.0,0.0,0.0,1,-0.0
1,0.21799570322036743,0.0,0.02593136078643578,1,-0.0,0,0.0,0.0,0.0,1,-0.0
2,0.6891929507255554,0.6811462063342333,0.032452047079069804,28,3.24792366300412,0,0.0,0.0,0.0,1,-0.0
3,0.6645148396492004,0.660120434127748,0.03366320223237077,24,2.019243352267785,0,0.0,0.0,0.0,1,-0.0
2,0.5458679795265198,0.5420059042517096,0.028754305463041162,26,2.924944170133694,0,0.0,0.0,0.0,1,-0.0
1,0.48238417506217957,0.0,0.03499967621890111,1,-0.0,0,0.0,0.0,0.0,1,-0.0
